Jugador,Rating,RD
J13,1896.584879,127.7411865
J19,1851.825434,128.4488612
J20,1747.586811,127.7411886
J10,1734.893296,129.7615169
J12,1718.565637,128.7250505
J14,1700.405956,129.129161
J15,1686.076997,128.3980447
J16,1681.95269,128.3231063
